id;Crop
3876;soybean
3383;cotton
3521;cotton
2683;corn
802;winter_wheat
132;corn
4772;winter_wheat
6980;soybean
6049;soybean
2870;soybean
3747;corn
4991;winter_wheat
1407;winter_wheat
4683;soybean
5474;winter_wheat
1686;corn
2149;soybean
6859;soybean
2246;corn
4145;corn
3163;cotton
6964;soybean
2359;corn
309;soybean
703;winter_wheat
3985;corn
3137;cotton
3477;cotton
1314;cotton
1492;cotton
2934;cotton
6346;soybean
2363;corn
2022;corn
916;winter_wheat
3837;soybean
3978;soybean
6122;corn
6165;corn
3193;winter_wheat
5602;corn
1027;winter_wheat
2425;corn
5061;winter_wheat
3862;soybean
756;winter_wheat
4568;soybean
4182;corn
5998;soybean
4823;winter_wheat
5470;winter_wheat
4515;corn
4596;soybean
2069;soybean
1905;corn
3732;corn
2131;corn
3798;soybean
1688;corn
99;corn
4054;corn
5201;winter_wheat
529;soybean
3386;cotton
2457;soybean
1447;winter_wheat
5078;soybean
4048;corn
5351;winter_wheat
6357;soybean
2250;corn
6643;corn
3549;rice
226;corn
5158;corn
5635;corn
740;soybean
1145;cotton
3776;corn
6344;soybean
6008;soybean
370;soybean
5596;corn
3852;soybean
1885;corn
4535;corn
2272;soybean
3262;winter_wheat
4676;soybean
3036;cotton
5544;winter_wheat
1660;corn
2198;corn
6373;soybean
897;winter_wheat
6613;corn
3247;cotton
1057;cotton
6836;soybean
4469;corn
4278;corn
4609;soybean
752;winter_wheat
4693;soybean
420;soybean
3027;cotton
5944;soybean
1992;corn
5709;corn
5796;corn
1576;corn
3010;cotton
5844;soybean
5628;corn
5008;winter_wheat
4098;corn
3719;corn
5310;corn
13;rice
430;winter_wheat
4868;winter_wheat
5904;soybean
513;winter_wheat
4148;corn
327;corn
5212;winter_wheat
1994;corn
6593;corn
1322;winter_wheat
1159;winter_wheat
2140;soybean
5105;soybean
3603;rice
1007;winter_wheat
2344;corn
6840;soybean
5764;corn
3468;cotton
2569;soybean
6038;soybean
273;soybean
2532;soybean
6272;corn
6092;corn
3094;cotton
4321;corn
4961;winter_wheat
1002;winter_wheat
1555;corn
5407;winter_wheat
1870;corn
1160;winter_wheat
6510;soybean
484;soybean
6716;corn
4156;corn
6637;corn
1272;cotton
2696;corn
5820;soybean
5493;winter_wheat
163;corn
5808;soybean
1277;winter_wheat
3136;cotton
5154;corn
6784;soybean
1510;winter_wheat
4325;soybean
356;corn
2688;corn
1128;winter_wheat
731;winter_wheat
4989;winter_wheat
4971;winter_wheat
3414;cotton
4291;soybean
6206;corn
4411;corn
261;corn
4370;corn
4680;soybean
5487;winter_wheat
2646;corn
3662;corn
1997;corn
1502;cotton
5637;corn
3497;cotton
5037;winter_wheat
2621;soybean
1531;corn
3785;soybean
5966;soybean
2446;soybean
5251;winter_wheat
1016;soybean
3488;cotton
4896;winter_wheat
3067;cotton
4116;corn
6987;soybean
3189;cotton
1827;corn
2292;corn
4976;winter_wheat
6343;soybean
3462;cotton
2098;soybean
415;soybean
5417;winter_wheat
3188;winter_wheat
428;winter_wheat
2452;soybean
5349;winter_wheat
5052;winter_wheat
1552;corn
6219;corn
5895;soybean
2440;corn
36;cotton
5147;winter_wheat
5603;corn
6452;soybean
4965;winter_wheat
1362;winter_wheat
1676;corn
4658;soybean
5640;corn
4463;corn
4375;corn
2733;corn
6578;corn
4192;corn
3140;cotton
2654;corn
5274;winter_wheat
4416;corn
2328;corn
2230;soybean
3448;cotton
5095;corn
3590;rice
4250;corn
6767;soybean
4811;winter_wheat
1376;winter_wheat
2084;corn
5422;winter_wheat
5107;winter_wheat
636;corn
3536;cotton
5811;soybean
2189;soybean
5318;winter_wheat
157;corn
61;corn
5013;winter_wheat
5445;winter_wheat
2711;corn
1707;corn
5564;corn
1040;winter_wheat
223;corn
6120;corn
3114;cotton
277;soybean
6341;soybean
2489;soybean
5819;soybean
6843;soybean
2312;soybean
6186;corn
3636;corn
791;corn
3464;cotton
6313;soybean
4827;winter_wheat
5677;corn
2177;soybean
5485;winter_wheat
1144;cotton
4432;corn
2576;soybean
915;winter_wheat
1667;corn
2894;corn
1473;winter_wheat
2692;corn
3418;cotton
2471;corn
1955;corn
3505;cotton
2926;cotton
53;cotton
4043;corn
6218;corn
575;soybean
4362;corn
3973;soybean
2805;corn
6616;corn
6684;corn
3678;corn
4831;winter_wheat
6416;soybean
5073;winter_wheat
3568;rice
1222;cotton
2335;corn
2948;cotton
6569;corn
404;soybean
1918;corn
5250;winter_wheat
2445;soybean
6639;corn
1902;corn
6134;corn
5307;corn
5238;corn
6787;soybean
6191;corn
771;winter_wheat
4343;soybean
1284;winter_wheat
2317;corn
6598;corn
6254;corn
5758;corn
5314;corn
69;soybean
79;corn
4598;soybean
727;winter_wheat
6280;corn
4688;soybean
3149;cotton
5184;winter_wheat
253;soybean
6721;corn
4800;winter_wheat
72;corn
2553;corn
4440;corn
2090;corn
6733;corn
1890;corn
2083;corn
1655;corn
2941;cotton
2543;soybean
4907;winter_wheat
4498;corn
4719;soybean
5529;winter_wheat
923;winter_wheat
1604;corn
1072;winter_wheat
1126;winter_wheat
4445;corn
1654;corn
4259;soybean
1433;winter_wheat
6883;soybean
1134;cotton
5094;corn
2567;soybean
1937;corn
4926;winter_wheat
3029;soybean
2401;corn
5410;soybean
5555;corn
6233;corn
3663;corn
6390;soybean
6190;corn
4829;winter_wheat
4132;corn
1637;corn
6912;soybean
4554;cotton
1636;corn
5830;soybean
3053;cotton
3683;corn
2070;soybean
789;corn
1807;corn
4195;corn
4911;winter_wheat
4618;soybean
5191;corn
1416;cotton
1605;corn
5754;corn
505;winter_wheat
4020;corn
256;corn
63;corn
5134;winter_wheat
314;soybean
2340;corn
3963;soybean
298;soybean
5036;winter_wheat
6965;soybean
1736;corn
5057;winter_wheat
5562;corn
3349;cotton
6668;corn
982;corn
3040;cotton
3111;cotton
2761;corn
2998;soybean
40;cotton
601;corn
672;winter_wheat
3975;soybean
5606;corn
4841;winter_wheat
5418;winter_wheat
1927;corn
3974;corn
1336;winter_wheat
5321;winter_wheat
566;soybean
6831;soybean
3688;corn
5691;corn
6718;corn
2722;soybean
2144;soybean
6355;soybean
5994;soybean
3621;corn
2678;soybean
234;soybean
2373;corn
378;soybean
1498;cotton
3813;soybean
2461;soybean
5106;corn
1357;cotton
4079;corn
131;corn
6610;corn
2911;soybean
2748;soybean
1547;corn
4076;corn
2535;soybean
5278;winter_wheat
468;winter_wheat
3491;cotton
2626;soybean
4617;soybean
3101;cotton
3831;soybean
1210;winter_wheat
1978;corn
2522;corn
5043;winter_wheat
3207;cotton
922;winter_wheat
6455;soybean
4891;winter_wheat
3038;soybean
1822;corn
6888;soybean
711;soybean
243;soybean
1993;corn
397;soybean
6256;corn
2530;soybean
586;winter_wheat
974;winter_wheat
6830;soybean
5332;winter_wheat
3452;winter_wheat
3945;soybean
6512;soybean
3204;winter_wheat
1460;cotton
4429;corn
3734;corn
213;soybean
3535;cotton
3914;soybean
968;winter_wheat
4592;soybean
6608;corn
5817;soybean
2539;soybean
2508;corn
3598;rice
4205;corn
6297;corn
1910;corn
6247;corn
437;winter_wheat
1248;winter_wheat
4341;corn
1944;corn
6101;corn
4862;winter_wheat
1472;winter_wheat
2156;soybean
707;cotton
1544;corn
4403;corn
2978;soybean
5502;winter_wheat
4523;corn
2379;corn
1603;corn
782;winter_wheat
21;corn
4401;corn
5618;corn
5971;soybean
2294;corn
1063;cotton
6460;soybean
2950;cotton
4519;corn
5728;corn
6286;corn
340;soybean
2463;soybean
5913;soybean
4408;corn
3424;winter_wheat
675;corn
866;winter_wheat
5348;soybean
597;corn
4457;corn
6973;soybean
449;soybean
4359;corn
4010;soybean
1282;winter_wheat
1309;cotton
4081;corn
160;corn
3276;cotton
1185;cotton
2635;soybean
380;soybean
527;soybean
6618;corn
2011;corn
1587;corn
574;soybean
825;corn
929;winter_wheat
1201;winter_wheat
3275;cotton
3992;soybean
5685;corn
4487;corn
5543;winter_wheat
933;winter_wheat
4653;soybean
282;soybean
3450;cotton
3775;corn
5385;winter_wheat
4374;corn
3335;winter_wheat
6184;corn
5731;corn
2661;corn
6287;corn
6331;soybean
359;corn
2862;soybean
6762;soybean
1679;corn
251;soybean
5326;winter_wheat
1681;corn
2032;corn
6958;soybean
5234;winter_wheat
5888;soybean
3014;cotton
6152;corn
4969;winter_wheat
164;corn
1922;corn
2334;corn
1012;winter_wheat
2454;soybean
153;soybean
5372;corn
3160;cotton
6222;corn
2821;soybean
5639;corn
2088;corn
4638;soybean
6915;soybean
1154;winter_wheat
6709;corn
4142;corn
1883;corn
2931;cotton
2898;corn
3736;corn
3154;cotton
6588;corn
1753;corn
3987;soybean
1256;winter_wheat
2578;soybean
2005;corn
5444;winter_wheat
2038;corn
1025;winter_wheat
6405;soybean
6626;corn
4018;corn
6138;corn
1881;corn
4151;corn
6281;corn
4769;winter_wheat
1150;winter_wheat
1429;cotton
5075;winter_wheat
1782;corn
6137;corn
3641;corn
6954;soybean
5842;soybean
3929;soybean
215;soybean
4682;soybean
5927;soybean
3363;cotton
5027;winter_wheat
6258;corn
3553;rice
2054;soybean
3518;cotton
5507;winter_wheat
2029;corn
1844;corn
718;winter_wheat
3759;corn
2768;corn
3435;winter_wheat
4368;corn
3877;soybean
5643;corn
1715;corn
2997;cotton
6482;soybean
975;corn
4275;corn
2932;cotton
1401;winter_wheat
418;soybean
143;soybean
199;corn
2972;soybean
1043;winter_wheat
339;soybean
2520;corn
5263;winter_wheat
6607;corn
6984;soybean
5742;corn
6927;soybean
5925;soybean
935;corn
4397;corn
4824;winter_wheat
721;winter_wheat
6921;soybean
4398;corn
3229;cotton
2562;corn
1866;corn
5104;winter_wheat
482;cotton
1803;corn
217;soybean
6846;soybean
6370;soybean
5245;corn
5769;corn
379;soybean
1788;corn
6371;soybean
4439;corn
6239;corn
3433;cotton
5696;corn
4419;corn
3145;cotton
1884;corn
2560;corn
3456;cotton
3268;cotton
5111;soybean
2851;corn
2241;corn
2763;corn
4005;soybean
2712;corn
5746;corn
5160;winter_wheat
5066;winter_wheat
3143;cotton
3360;cotton
4572;soybean
925;winter_wheat
134;corn
5471;winter_wheat
3071;cotton
5425;winter_wheat
5472;winter_wheat
1117;winter_wheat
6536;soybean
1331;winter_wheat
3828;soybean
879;winter_wheat
5786;corn
2714;corn
5067;winter_wheat
555;winter_wheat
1641;corn
2204;corn
5019;winter_wheat
1621;corn
3028;corn
5578;corn
2652;corn
3795;soybean
983;soybean
3955;corn
1726;corn
423;soybean
6723;corn
4167;corn
2014;corn
3467;cotton
6573;corn
56;corn
2990;cotton
1896;corn
504;winter_wheat
2499;soybean
5240;soybean
6396;soybean
694;winter_wheat
1044;cotton
3867;soybean
6746;corn
5670;corn
3503;cotton
1924;corn
5693;corn
6955;corn
4975;winter_wheat
4577;soybean
498;winter_wheat
6261;corn
1366;winter_wheat
5368;winter_wheat
1120;winter_wheat
3217;cotton
451;soybean
1987;corn
5329;soybean
4246;soybean
2577;soybean
1317;cotton
2301;corn
5005;winter_wheat
6799;soybean
2561;corn
6230;corn
5877;soybean
1227;cotton
2864;soybean
5419;winter_wheat
6640;corn
1155;winter_wheat
2982;cotton
3865;soybean
3891;soybean
1678;corn
3191;cotton
2027;corn
233;soybean
2479;corn
467;winter_wheat
3939;soybean
4900;winter_wheat
3564;rice
828;soybean
6473;soybean
6213;corn
882;corn
1229;cotton
2216;corn
4508;corn
6128;corn
3255;cotton
6870;soybean
2249;corn
1453;winter_wheat
4178;corn
6244;corn
6534;soybean
1399;winter_wheat
852;corn
204;soybean
1734;corn
5530;winter_wheat
3774;corn
4979;winter_wheat
1720;corn
2067;soybean
780;winter_wheat
6377;soybean
2059;soybean
6693;corn
1723;corn
6255;corn
1434;winter_wheat
4826;winter_wheat
714;soybean
4977;winter_wheat
2573;soybean
2498;soybean
6464;soybean
431;winter_wheat
3924;soybean
1700;corn
6755;corn
3413;cotton
1891;corn
6794;soybean
2827;soybean
5826;soybean
4885;winter_wheat
5946;soybean
1237;winter_wheat
5495;winter_wheat
5802;corn
5009;winter_wheat
6450;soybean
2945;cotton
5931;soybean
351;soybean
1793;corn
4206;corn
5526;winter_wheat
1860;corn
2058;soybean
3035;cotton
19;corn
4162;corn
821;corn
1645;corn
2513;corn
3728;corn
2824;soybean
5208;winter_wheat
956;winter_wheat
4956;winter_wheat
6214;corn
2464;soybean
1951;corn
4377;corn
5331;winter_wheat
4916;winter_wheat
5384;winter_wheat
4241;corn
4579;soybean
1559;corn
6886;soybean
3522;cotton
5176;soybean
6030;soybean
12;rice
941;soybean
4652;soybean
2953;cotton
1811;corn
1031;winter_wheat
2377;corn
5089;corn
3538;cotton
3698;corn
95;corn
4730;soybean
1834;corn
6868;soybean
6929;soybean
2854;corn
1058;cotton
4219;soybean
3298;cotton
781;winter_wheat
3346;cotton
3697;corn
2410;corn
3517;cotton
2150;soybean
3238;cotton
3179;cotton
2899;corn
924;winter_wheat
4947;winter_wheat
5942;soybean
1494;cotton
4970;winter_wheat
6646;corn
3898;soybean
1646;corn
6789;soybean
2210;corn
4544;corn
2649;corn
238;soybean
550;winter_wheat
2279;corn
6667;corn
1597;corn
2925;cotton
3437;cotton
6744;corn
1342;cotton
5981;soybean
2297;corn
810;winter_wheat
4068;corn
3693;corn
6945;soybean
3020;cotton
6523;soybean
6633;corn
4317;corn
2912;soybean
3577;rice
6501;soybean
3376;cotton
3614;rice
4203;corn
3866;soybean
4434;corn
6860;soybean
1629;corn
1389;cotton
6816;soybean
2201;corn
47;cotton
147;soybean
3701;corn
2592;corn
5490;winter_wheat
4741;winter_wheat
6369;soybean
1064;cotton
272;soybean
4400;corn
765;winter_wheat
2587;soybean
6825;soybean
3117;cotton
660;winter_wheat
6672;corn
5646;corn
83;soybean
3366;cotton
3055;cotton
433;winter_wheat
6309;soybean
3952;soybean
4322;corn
3548;rice
898;winter_wheat
5558;corn
3246;cotton
6785;soybean
6705;corn
1719;corn
6048;soybean
778;winter_wheat
6680;corn
5395;winter_wheat
608;soybean
6554;corn
6072;corn
1651;corn
4021;corn
972;winter_wheat
5228;soybean
3619;corn
2736;corn
4410;corn
4725;soybean
611;soybean
1954;corn
4324;corn
6035;soybean
1728;corn
4499;corn
3906;soybean
3888;soybean
1022;soybean
4494;corn
178;soybean
4309;corn
2482;corn
1166;winter_wheat
6057;soybean
6326;soybean
1143;cotton
3508;winter_wheat
1423;cotton
2100;soybean
6047;soybean
2984;cotton
6585;corn
2928;cotton
745;soybean
3675;corn
831;winter_wheat
338;soybean
2327;corn
702;winter_wheat
385;soybean
30;rice
759;winter_wheat
4218;corn
4329;corn
2713;corn
4589;soybean
4993;winter_wheat
5831;soybean
4123;corn
6504;soybean
1947;corn
854;corn
5772;corn
3073;cotton
2006;corn
6513;soybean
953;winter_wheat
1845;corn
3844;soybean
3290;cotton
4791;winter_wheat
3576;rice
3203;cotton
227;corn
3222;cotton
906;winter_wheat
1304;cotton
3971;soybean
6483;soybean
4673;soybean
2071;soybean
2598;corn
141;soybean
242;soybean
5663;corn
6024;soybean
4792;winter_wheat
976;corn
6780;soybean
2179;soybean
3380;cotton
2391;soybean
1231;cotton
2229;soybean
3824;soybean
6022;soybean
2298;corn
5900;soybean
1634;corn
5939;soybean
3352;cotton
4601;soybean
2109;soybean
4949;winter_wheat
562;cotton
344;soybean
5077;corn
3558;rice
3980;soybean
3161;winter_wheat
1127;winter_wheat
6312;soybean
1381;winter_wheat
4944;winter_wheat
3033;soybean
2001;corn
1525;corn
73;corn
6132;corn
5893;soybean
1258;cotton
2855;corn
4271;soybean
6772;soybean
1563;corn
2835;soybean
5642;corn
4541;corn
5287;winter_wheat
3057;cotton
5647;corn
3572;rice
3287;cotton
68;soybean
1800;corn
4840;winter_wheat
4711;soybean
3479;cotton
2408;corn
4423;corn
4938;winter_wheat
4427;corn
1930;corn
2954;cotton
3582;rice
4702;soybean
5853;soybean
6257;corn
2406;corn
3628;corn
3190;cotton
2749;soybean
4461;corn
3148;cotton
5142;soybean
4863;winter_wheat
1364;winter_wheat
1485;cotton
2970;cotton
2237;corn
969;winter_wheat
259;corn
4452;corn
4623;soybean
6117;corn
1810;corn
1839;corn
2145;soybean
3084;cotton
2705;corn
3016;cotton
3412;cotton
4150;corn
4787;winter_wheat
4174;corn
1600;corn
1280;winter_wheat
6033;soybean
4604;soybean
2282;corn
6917;soybean
4340;corn
6863;corn
4294;soybean
1971;corn
5427;winter_wheat
6524;soybean
5560;corn
827;soybean
3892;soybean
6316;soybean
6557;corn
2321;corn
6157;corn
3142;cotton
3729;corn
2865;soybean
1996;corn
2861;soybean
6683;corn
5484;winter_wheat
3787;soybean
1812;corn
6645;corn
1814;corn
1851;corn
6249;corn
1437;winter_wheat
2099;soybean
1903;corn
169;soybean
638;corn
2350;soybean
3848;soybean
3953;soybean
1526;corn
1406;winter_wheat
6263;corn
389;corn
4212;soybean
492;soybean
4842;winter_wheat
1742;corn
1216;cotton
6223;corn
1740;corn
5198;winter_wheat
500;winter_wheat
3260;cotton
620;winter_wheat
2050;corn
2841;corn
3439;cotton
1950;corn
2253;corn
1568;corn
5620;corn
5133;corn
1477;winter_wheat
5525;winter_wheat
4966;winter_wheat
4902;winter_wheat
5755;corn
5433;winter_wheat
603;cotton
6714;corn
4260;corn
2290;corn
4882;winter_wheat
6087;corn
989;soybean
1028;winter_wheat
3588;rice
3120;cotton
3670;corn
6809;soybean
4669;soybean
6017;soybean
4207;corn
6742;corn
3544;rice
2122;corn
207;soybean
2698;corn
811;winter_wheat
850;winter_wheat
1714;corn
4817;winter_wheat
3043;cotton
6887;corn
247;soybean
1504;winter_wheat
11;rice
6089;corn
5381;soybean
5784;corn
6747;corn
891;soybean
4783;winter_wheat
3461;winter_wheat
2798;soybean
3470;cotton
938;corn
5722;corn
2164;corn
1589;corn
6267;corn
3999;soybean
6647;corn
746;soybean
2867;soybean
4512;corn
212;soybean
1995;corn
990;soybean
3086;cotton
6479;soybean
4551;cotton
6041;soybean
613;soybean
1055;cotton
343;soybean
3331;cotton
5340;winter_wheat
4733;soybean
15;rice
1701;corn
4296;corn
4049;corn
218;soybean
318;soybean
67;soybean
3596;rice
1481;winter_wheat
4415;corn
5271;winter_wheat
4712;soybean
2267;soybean
689;soybean
444;winter_wheat
4879;winter_wheat
5587;corn
3155;cotton
5940;soybean
6011;soybean
3946;soybean
910;winter_wheat
2107;soybean
600;corn
1539;corn
861;soybean
1886;corn
6651;corn
1499;cotton
5020;winter_wheat
3482;cotton
2887;corn
6088;corn
265;corn
5678;corn
4595;soybean
3054;cotton
184;soybean
6918;soybean
878;winter_wheat
3068;cotton
1713;corn
2381;corn
5504;winter_wheat
6853;soybean
3589;rice
6627;corn
1861;corn
2781;soybean
2039;corn
6943;soybean
1121;winter_wheat
4472;corn
5227;corn
4559;cotton
3631;corn
6908;soybean
1075;winter_wheat
4957;winter_wheat
6775;soybean
5662;corn
4886;winter_wheat
4323;corn
6753;corn
6116;corn
4016;corn
886;corn
2240;corn
961;winter_wheat
2571;soybean
4724;soybean
2630;soybean
4351;corn
2642;corn
193;corn
3099;cotton
5671;corn
4536;corn
1985;corn
1054;cotton
2949;cotton
1471;winter_wheat
3240;cotton
6372;soybean
3994;corn
1716;corn
4101;corn
6897;soybean
5337;winter_wheat
865;winter_wheat
3712;corn
457;winter_wheat
1832;corn
2756;soybean
2462;soybean
3623;corn
1722;corn
3012;winter_wheat
1998;corn
6500;soybean
2930;cotton
319;soybean
158;corn
5243;soybean
3751;corn
2420;corn
2703;corn
1235;cotton
4281;soybean
1113;winter_wheat
5074;winter_wheat
872;winter_wheat
6160;corn
3789;soybean
4958;winter_wheat
3968;soybean
5494;winter_wheat
3297;cotton
1268;cotton
5320;winter_wheat
1388;cotton
306;soybean
201;corn
3961;soybean
4706;soybean
3277;winter_wheat
2655;corn
3575;rice
1718;corn
3132;cotton
1755;corn
2921;soybean
1141;cotton
196;corn
3421;winter_wheat
3661;corn
1710;corn
3159;cotton
4236;soybean
3223;winter_wheat
6630;corn
6850;soybean
885;corn
812;winter_wheat
3637;corn
5862;soybean
1332;winter_wheat
6;rice
6622;corn
2916;soybean
4431;corn
5850;soybean
1421;cotton
2910;soybean
5607;corn
2392;soybean
1136;cotton
2332;corn
779;winter_wheat
4183;soybean
4265;soybean
76;corn
4007;soybean
1591;corn
6354;soybean
2509;corn
6321;soybean
2877;soybean
4165;corn
3674;corn
3077;cotton
2534;soybean
6833;soybean
4795;winter_wheat
3289;cotton
1386;cotton
3882;soybean
6083;corn
2288;corn
6314;soybean
1969;corn
1746;corn
2081;corn
4603;soybean
4425;corn
1796;corn
3050;cotton
2034;corn
3034;cotton
4526;corn
2199;corn
4930;winter_wheat
713;soybean
4224;soybean
2030;corn
3449;cotton
5000;winter_wheat
5257;corn
6491;soybean
6642;corn
5097;winter_wheat
1592;corn
997;winter_wheat
2852;corn
2860;corn
5482;winter_wheat
4830;winter_wheat
3823;soybean
4549;cotton
3267;cotton
464;winter_wheat
5333;winter_wheat
2979;soybean
5957;soybean
1990;corn
6376;soybean
5914;soybean
670;winter_wheat
1106;cotton
2441;corn
6029;soybean
5007;winter_wheat
2839;soybean
117;soybean
5654;corn
4918;winter_wheat
5777;corn
510;winter_wheat
1398;winter_wheat
3610;rice
6838;soybean
2565;corn
4433;corn
952;winter_wheat
120;soybean
3874;soybean
7;rice
1873;corn
2424;corn
4722;soybean
5556;corn
2753;soybean
2497;soybean
2153;soybean
2277;corn
1619;corn
3627;corn
4065;corn
2657;corn
283;soybean
5489;winter_wheat
2975;soybean
6403;soybean
14;rice
5974;soybean
2388;corn
3836;soybean
5812;soybean
260;corn
572;soybean
4345;corn
6724;corn
5583;corn
2336;corn
3821;soybean
4558;cotton
1328;winter_wheat
1412;cotton
2882;soybean
1584;corn
2674;soybean
300;soybean
5988;soybean
3446;cotton
6599;corn
3609;rice
5260;winter_wheat
3526;cotton
4534;corn
6429;soybean
4152;corn
6914;soybean
4220;soybean
5533;winter_wheat
2126;corn
3918;soybean
5338;winter_wheat
183;soybean
3965;soybean
517;corn
6931;soybean
3566;rice
5132;corn
1613;corn
4637;soybean
150;soybean
2612;soybean
4316;corn
624;winter_wheat
6318;soybean
4070;corn
6567;corn
4959;winter_wheat
3826;soybean
5414;winter_wheat
3811;soybean
568;soybean
39;cotton
3348;cotton
5264;winter_wheat
57;corn
873;winter_wheat
1149;winter_wheat
5387;winter_wheat
6264;corn
6796;soybean
5014;winter_wheat
1565;corn
768;cotton
6353;soybean
5582;corn
3362;cotton
4407;corn
3410;cotton
5598;corn
489;soybean
2988;cotton
655;soybean
4662;soybean
5064;winter_wheat
1515;winter_wheat
3185;cotton
5901;soybean
6361;soybean
6392;soybean
6442;soybean
2913;soybean
2940;cotton
6835;soybean
3299;cotton
6438;soybean
884;corn
5183;soybean
2923;cotton
2819;corn
5600;corn
4196;corn
4597;soybean
5510;winter_wheat
1032;winter_wheat
4169;corn
2739;corn
4102;corn
3881;soybean
4690;soybean
396;soybean
2121;corn
4154;corn
2939;cotton
2065;soybean
4085;corn
3737;corn
2055;soybean
4312;corn
3651;rice
84;soybean
6194;corn
5829;soybean
4435;corn
3616;rice
456;winter_wheat
2633;soybean
926;winter_wheat
1402;winter_wheat
5281;winter_wheat
1192;winter_wheat
3539;cotton
5270;corn
1301;cotton
5447;winter_wheat
4872;winter_wheat
5280;winter_wheat
3382;cotton
1377;winter_wheat
6113;corn
5660;corn
570;soybean
6311;soybean
2146;soybean
5311;winter_wheat
2808;corn
3430;cotton
3321;cotton
734;winter_wheat
1033;winter_wheat
934;winter_wheat
4467;corn
1318;cotton
1467;winter_wheat
5833;soybean
2235;corn
1030;winter_wheat
2019;corn
1393;cotton
32;rice
4446;corn
6310;soybean
783;winter_wheat
1257;cotton
5622;corn
1691;corn
766;cotton
2826;soybean
16;rice
1784;corn
4608;soybean
2262;corn
3694;corn
346;soybean
3474;winter_wheat
2009;corn
3716;corn
371;soybean
5466;soybean
1579;corn
720;winter_wheat
2072;soybean
6133;corn
1188;cotton
5700;corn
4939;winter_wheat
172;soybean
381;soybean
6282;corn
2427;corn
2160;corn
5291;winter_wheat
1217;cotton
1585;corn
888;soybean
774;winter_wheat
2879;soybean
374;soybean
6707;corn
1835;corn
6933;soybean
830;soybean
853;corn
6474;soybean
2104;soybean
1662;corn
3187;cotton
276;soybean
963;winter_wheat
5497;winter_wheat
6655;corn
3493;cotton
6285;corn
1615;corn
531;soybean
3640;corn
2825;soybean
1004;winter_wheat
6720;corn
1867;corn
4615;soybean
230;corn
2407;corn
2731;corn
5743;corn
6719;corn
6884;corn
6336;soybean
602;cotton
5465;winter_wheat
1763;corn
5022;winter_wheat
2221;corn
6251;corn
5730;corn
142;soybean
4328;corn
6939;soybean
1105;cotton
4511;corn
1417;cotton
292;corn
1738;corn
1435;winter_wheat
225;corn
1;corn
862;winter_wheat
1094;cotton
3356;cotton
332;soybean
1259;cotton
1372;winter_wheat
3098;cotton
2286;corn
2372;corn
2816;corn
3928;soybean
3625;corn
887;corn
2903;soybean
4822;winter_wheat
2057;soybean
4069;soybean
4056;corn
1625;corn
1209;winter_wheat
4095;corn
6875;soybean
6007;soybean
1871;corn
352;soybean
5390;corn
2257;corn
5779;corn
2285;corn
2537;soybean
3703;corn
3870;soybean
1071;winter_wheat
3119;cotton
5118;soybean
5623;corn
6086;corn
1218;cotton
3995;soybean
6050;soybean
4634;soybean
455;winter_wheat
6695;soybean
692;winter_wheat
1046;cotton
1352;cotton
5906;soybean
3516;cotton
4235;soybean
1384;winter_wheat
2194;soybean
6454;soybean
149;soybean
3938;soybean
3705;corn
3007;cotton
3403;cotton
6401;soybean
1781;corn
4968;winter_wheat
5345;winter_wheat
4621;soybean
403;soybean
4639;soybean
5016;winter_wheat
4030;soybean
2212;corn
4892;winter_wheat
6950;soybean
1747;corn
2143;soybean
2329;corn
1292;winter_wheat
1176;cotton
98;corn
4190;corn
6385;soybean
5952;soybean
4573;soybean
599;corn
3239;cotton
6706;corn
5127;corn
2800;corn
3555;rice
1228;cotton
4204;corn
834;winter_wheat
5420;winter_wheat
3096;cotton
3656;rice
1172;cotton
3869;soybean
2556;corn
4707;soybean
1630;corn
5774;corn
5377;soybean
5561;corn
4803;winter_wheat
3365;cotton
4856;winter_wheat
5793;corn
3353;cotton
1557;corn
5715;corn
5905;soybean
1449;winter_wheat
3856;soybean
5169;winter_wheat
5739;corn
4327;corn
1001;winter_wheat
3690;corn
1611;corn
3127;cotton
6078;corn
4346;corn
1206;winter_wheat
2794;soybean
5689;corn
3700;corn
5699;corn
5573;corn
1469;winter_wheat
3480;cotton
2264;corn
4280;soybean
6019;soybean
4011;corn
1777;corn
3241;cotton
2521;corn
939;corn
615;soybean
851;corn
6614;corn
1970;corn
6959;soybean
4318;corn
2737;corn
269;soybean
2284;corn
944;soybean
1424;cotton
3972;soybean
2450;soybean
2729;corn
2935;cotton
494;soybean
4233;soybean
337;soybean
5002;winter_wheat
2828;soybean
3173;winter_wheat
5379;winter_wheat
4657;soybean
2600;corn
2047;corn
5442;corn
1394;cotton
6465;soybean
2339;corn
1773;corn
1408;winter_wheat
4537;corn
3780;soybean
3949;soybean
4790;winter_wheat
3;corn
6423;soybean
5204;corn
2665;corn
5031;winter_wheat
5874;soybean
188;soybean
6394;soybean
5029;winter_wheat
973;winter_wheat
5353;corn
5452;winter_wheat
4107;corn
2529;soybean
2491;soybean
5875;soybean
5354;soybean
5601;corn
3415;cotton
6073;corn
777;winter_wheat
5798;corn
4613;soybean
6697;soybean
6182;corn
4553;cotton
5930;soybean
3404;winter_wheat
5935;soybean
5179;soybean
6333;soybean
4180;corn
4901;winter_wheat
6621;corn
5174;soybean
3896;soybean
3940;soybean
2492;soybean
121;soybean
3932;soybean
4715;soybean
1100;cotton
4459;corn
1255;winter_wheat
6210;corn
5947;soybean
148;soybean
1648;corn
1175;cotton
3846;soybean
932;winter_wheat
4493;corn
1396;cotton
3358;cotton
5547;winter_wheat
5661;corn
2872;soybean
687;soybean
662;winter_wheat
1506;winter_wheat
5756;corn
709;cotton
5295;corn
4717;soybean
369;soybean
4919;winter_wheat
2976;winter_wheat
5186;corn
6527;soybean
4330;corn
4915;winter_wheat
3128;cotton
5737;corn
6059;soybean
1474;winter_wheat
4591;soybean
911;winter_wheat
3180;cotton
1092;cotton
1583;corn
2242;corn
5518;winter_wheat
2964;soybean
114;soybean
4188;corn
2927;cotton
6806;soybean
6150;corn
6375;soybean
6014;soybean
605;cotton
2914;soybean
1535;corn
6461;soybean
962;winter_wheat
2186;soybean
1926;corn
6904;soybean
1428;cotton
2538;soybean
4395;corn
107;soybean
5413;winter_wheat
6327;soybean
710;cotton
5136;winter_wheat
3725;corn
1306;cotton
4779;winter_wheat
3082;cotton
4516;corn
2613;soybean
5435;winter_wheat
4202;corn
5751;corn
545;winter_wheat
5948;soybean
267;soybean
2897;corn
485;soybean
6508;soybean
6547;soybean
6880;soybean
3002;cotton
5124;corn
2718;soybean
4983;winter_wheat
5266;winter_wheat
6849;soybean
2060;soybean
4199;corn
1037;winter_wheat
1537;corn
2920;soybean
92;soybean
522;cotton
1806;corn
6075;corn
263;corn
4277;corn
3735;corn
5033;winter_wheat
6427;soybean
2929;cotton
2951;cotton
4449;corn
5541;winter_wheat
548;winter_wheat
5053;winter_wheat
3252;winter_wheat
3420;cotton
2484;soybean
4155;corn
3442;cotton
4039;soybean
4249;corn
1029;winter_wheat
4678;soybean
6602;corn
3259;cotton
5887;soybean
3816;soybean
2275;corn
345;soybean
6167;corn
6457;soybean
4586;soybean
190;corn
960;winter_wheat
4366;corn
868;winter_wheat
3164;cotton
414;corn
6177;corn
5117;winter_wheat
6129;corn
5597;corn
5102;winter_wheat
2118;corn
6112;corn
1948;corn
786;winter_wheat
3244;cotton
2771;corn
3438;cotton
4587;soybean
5805;corn
4299;soybean
2507;corn
2274;corn
3840;soybean
3139;cotton
3156;cotton
6781;soybean
377;soybean
5177;winter_wheat
1804;corn
5012;winter_wheat
5025;winter_wheat
3722;corn
6731;corn
2754;soybean
4029;corn
1614;corn
4710;soybean
1232;cotton
4955;winter_wheat
1368;winter_wheat
1649;corn
1404;winter_wheat
5907;soybean
1724;corn
5977;soybean
1695;corn
2258;corn
2845;corn
5343;winter_wheat
3425;cotton
2651;corn
3158;cotton
4749;winter_wheat
87;soybean
2354;soybean
1137;cotton
6418;soybean
6827;soybean
4980;winter_wheat
6839;soybean
2902;soybean
5718;corn
2734;corn
3925;soybean
3708;corn
2330;corn
3285;cotton
6043;soybean
6300;soybean
2679;soybean
1354;cotton
6013;soybean
5409;winter_wheat
5655;corn
6102;corn
4332;corn
4742;winter_wheat
877;winter_wheat
1181;cotton
2766;corn
4337;corn
4755;winter_wheat
2367;corn
2078;corn
2597;corn
2172;corn
6712;corn
3665;corn
3812;soybean
621;winter_wheat
2500;soybean
2467;corn
5557;corn
2540;soybean
3258;cotton
6894;soybean
5362;winter_wheat
434;winter_wheat
2261;corn
4619;soybean
4310;corn
3110;cotton
6168;corn
5982;soybean
5978;soybean
3320;cotton
5726;corn
5439;winter_wheat
5806;soybean
1847;corn
6583;corn
239;soybean
3228;cotton
5891;soybean
3184;cotton
4748;winter_wheat
708;cotton
993;soybean
3373;cotton
6199;corn
5046;winter_wheat
6881;soybean
794;soybean
3387;cotton
5681;corn
2155;soybean
2142;soybean
750;winter_wheat
2901;corn
5223;soybean
5081;soybean
296;corn
23;rice
4267;soybean
3684;corn
3174;cotton
2324;corn
1107;cotton
5396;winter_wheat
1443;winter_wheat
4697;soybean
1065;winter_wheat
3100;cotton
6139;corn
5614;corn
4163;corn
6308;soybean
4031;soybean
3617;corn
5710;corn
5376;winter_wheat
3090;cotton
6545;soybean
3291;cotton
3169;cotton
833;winter_wheat
1344;cotton
5492;winter_wheat
747;soybean
6766;soybean
4870;winter_wheat
1193;winter_wheat
4851;winter_wheat
6596;corn
663;winter_wheat
2830;soybean
2397;corn
6270;corn
1445;winter_wheat
2426;corn
1041;winter_wheat
3451;cotton
5352;winter_wheat
4854;winter_wheat
4687;soybean
288;corn
576;winter_wheat
4668;soybean
4843;winter_wheat
797;soybean
22;rice
1442;winter_wheat
701;winter_wheat
1846;corn
3500;cotton
5864;soybean
2593;corn
1731;corn
3664;corn
1146;cotton
6969;soybean
761;winter_wheat
5813;soybean
3317;cotton
921;winter_wheat
587;winter_wheat
2946;cotton
6237;corn
116;soybean
2773;corn
5080;corn
5139;winter_wheat
2601;corn
1395;cotton
3361;winter_wheat
2472;corn
3146;cotton
6506;soybean
3278;cotton
4279;corn
1957;corn
678;corn
2706;corn
3756;corn
2378;corn
5990;soybean
5747;corn
1623;corn
2398;corn
4333;corn
5665;corn
4376;corn
1409;winter_wheat
5985;soybean
1184;cotton
295;corn
1211;winter_wheat
5536;winter_wheat
3593;rice
4232;soybean
5770;corn
6433;soybean
3806;soybean
6032;soybean
4762;winter_wheat
4539;corn
719;winter_wheat
1529;corn
4532;corn
1196;winter_wheat
2309;soybean
4928;winter_wheat
224;corn
6793;soybean
998;winter_wheat
5481;winter_wheat
2662;corn
1582;corn
3951;soybean
2760;corn
2418;corn
2226;corn
391;corn
5403;winter_wheat
154;soybean
6388;soybean
5991;soybean
5004;winter_wheat
155;soybean
452;soybean
674;winter_wheat
6342;soybean
1963;corn
6252;corn
6497;soybean
5499;winter_wheat
6604;soybean
2469;corn
4985;winter_wheat
4034;soybean
3318;cotton
5393;winter_wheat
4127;corn
4078;corn
1560;corn
1260;cotton
198;corn
4041;soybean
5574;corn
1936;corn
1291;winter_wheat
627;winter_wheat
6584;corn
2115;soybean
3072;cotton
1233;cotton
4506;corn
1168;winter_wheat
6173;corn
3809;soybean
2742;soybean
5664;corn
2844;corn
1049;cotton
5294;winter_wheat
5028;winter_wheat
2675;soybean
3964;soybean
2;corn
6560;corn
4356;corn
1869;corn
4223;soybean
3294;cotton
6232;corn
4645;soybean
1571;corn
5225;winter_wheat
3791;soybean
5479;winter_wheat
4274;corn
3810;soybean
410;corn
6986;soybean
5766;corn
5836;soybean
1315;cotton
6489;soybean
4802;winter_wheat
3520;cotton
588;winter_wheat
1086;winter_wheat
3457;cotton
1271;cotton
3606;rice
6145;corn
3326;cotton
46;cotton
1420;cotton
3264;winter_wheat
5840;soybean
2315;corn
2139;soybean
1147;cotton
641;corn
2073;soybean
4170;corn
2944;cotton
4813;winter_wheat
5856;soybean
6235;corn
1327;winter_wheat
3279;winter_wheat
4880;winter_wheat
2684;corn
3959;corn
1451;winter_wheat
3863;soybean
4649;soybean
1692;corn
4088;soybean
6938;soybean
3005;cotton
3529;winter_wheat
3481;cotton
5026;winter_wheat
4994;winter_wheat
3226;cotton
271;soybean
4528;corn
4394;corn
1975;corn
2909;soybean
2174;corn
715;soybean
2348;soybean
6071;corn
4622;soybean
5961;soybean
43;cotton
293;corn
5782;corn
4456;corn
1455;winter_wheat
4643;soybean
1858;corn
4580;soybean
406;soybean
326;corn
58;corn
1767;corn
5283;winter_wheat
453;soybean
6879;soybean
5593;corn
4607;soybean
3766;corn
681;cotton
2775;corn
181;soybean
2151;soybean
6811;soybean
3347;cotton
801;winter_wheat
4660;soybean
3103;cotton
1522;winter_wheat
736;cotton
3407;cotton
547;winter_wheat
4671;soybean
1533;corn
2159;corn
4160;corn
2102;soybean
5996;soybean
6417;soybean
5936;soybean
4974;winter_wheat
2680;corn
2234;soybean
647;soybean
3465;cotton
4835;winter_wheat
5634;corn
946;winter_wheat
2670;corn
5290;soybean
5040;winter_wheat
4740;winter_wheat
2616;soybean
5896;soybean
3026;cotton
5313;winter_wheat
5306;winter_wheat
1489;cotton
2892;corn
4808;winter_wheat
1514;winter_wheat
4140;corn
6509;soybean
4369;corn
5848;soybean
6595;corn
4238;soybean
4094;corn
1073;winter_wheat
6715;corn
6678;soybean
4226;soybean
5599;corn
5514;winter_wheat
6208;corn
4482;corn
2236;corn
6317;soybean
5867;soybean
2767;corn
2045;corn
200;corn
4514;corn
1602;corn
2004;corn
6193;corn
1078;winter_wheat
1212;winter_wheat
6675;corn
4923;winter_wheat
6248;corn
5210;soybean
5284;winter_wheat
2016;corn
1540;corn
6594;corn
6431;soybean
4364;corn
186;soybean
3256;winter_wheat
5519;winter_wheat
2191;soybean
3017;cotton
1042;winter_wheat
2015;corn
4372;corn
2687;corn
3560;rice
3772;corn
1036;winter_wheat
3770;corn
4315;corn
4899;winter_wheat
4438;corn
4732;soybean
3986;soybean
2402;corn
335;soybean
4087;corn
195;corn
3900;soybean
1017;soybean
1365;winter_wheat
6477;soybean
232;corn
3815;soybean
1153;winter_wheat
823;corn
695;winter_wheat
5458;winter_wheat
4904;winter_wheat
3984;soybean
2697;corn
5627;corn
1013;winter_wheat
1208;winter_wheat
6966;soybean
1852;corn
5516;winter_wheat
20;corn
6648;corn
5735;corn
1220;cotton
3334;cotton
3696;corn
5632;corn
4533;corn
839;winter_wheat
3041;cotton
6807;soybean
1517;winter_wheat
1385;winter_wheat
5255;winter_wheat
1397;cotton
6743;corn
6002;soybean
6649;corn
2028;corn
4943;winter_wheat
336;soybean
74;corn
6845;soybean
5509;winter_wheat
3899;soybean
1252;winter_wheat
2487;soybean
118;soybean
905;winter_wheat
2120;corn
3227;cotton
4675;soybean
146;soybean
5462;winter_wheat
6195;corn
1020;soybean
2843;corn
3085;cotton
1661;corn
4365;corn
3833;soybean
1360;winter_wheat
1765;corn
5119;winter_wheat
2322;corn
6690;corn
5834;soybean
3216;cotton
6902;soybean
6265;corn
2394;soybean
3197;cotton
3543;rice
6156;corn
3393;cotton
520;corn
4492;corn
1709;corn
4670;soybean
573;soybean
4242;soybean
697;winter_wheat
6866;soybean
3547;rice
6920;soybean
1285;winter_wheat
5242;soybean
626;winter_wheat
2858;corn
3707;corn
6611;soybean
6269;corn
2046;corn
1626;corn
1411;cotton
3592;rice
3018;winter_wheat
3374;cotton
3436;cotton
1705;corn
630;winter_wheat
4788;winter_wheat
5687;corn
772;winter_wheat
210;soybean
1466;cotton
1091;cotton
1279;winter_wheat
1104;cotton
6909;corn
6103;corn
1124;winter_wheat
1857;corn
5965;soybean
2296;corn
5824;soybean
5592;corn
2973;cotton
6143;corn
5344;soybean
6869;soybean
6653;corn
992;soybean
3375;cotton
967;winter_wheat
6891;soybean
1791;corn
5032;winter_wheat
1475;winter_wheat
6699;corn
644;cotton
2366;corn
1665;corn
4714;soybean
1699;corn
497;soybean
769;cotton
6522;soybean
5847;soybean
2021;corn
3402;cotton
3570;rice
1640;corn
3943;soybean
4491;corn
49;cotton
4443;corn
1497;cotton
6657;corn
3689;corn
5459;winter_wheat
6586;corn
5959;soybean
1674;corn
1617;corn
4940;winter_wheat
2784;soybean
3064;cotton
3245;cotton
2490;soybean
5849;soybean
5706;corn
2922;soybean
5641;corn
1224;cotton
5527;winter_wheat
5457;winter_wheat
1833;corn
3211;cotton
180;soybean
3327;cotton
4276;soybean
1657;corn
2385;corn
4718;soybean
25;rice
515;winter_wheat
275;soybean
75;corn
5386;winter_wheat
2531;soybean
4414;corn
1828;corn
2764;corn
6694;corn
1943;corn
3133;cotton
2035;corn
940;soybean
6260;corn
5145;winter_wheat
5984;soybean
3741;corn
6703;corn
1161;winter_wheat
5736;corn
1275;winter_wheat
577;winter_wheat
1178;cotton
979;corn
4227;soybean
6216;corn
4159;corn
6070;corn
1110;cotton
4248;soybean
3367;cotton
3150;cotton
6356;soybean
2447;soybean
5375;winter_wheat
788;corn
6691;corn
3147;cotton
643;cotton
2757;soybean
3011;corn
4708;soybean
4799;winter_wheat
889;soybean
6480;soybean
3814;soybean
5498;winter_wheat
3557;rice
6538;soybean
279;soybean
2974;cotton
4158;corn
4052;corn
590;winter_wheat
4135;corn
4895;winter_wheat
5594;corn
1934;corn
2245;corn
1704;corn
2475;corn
6676;soybean
424;soybean
2634;soybean
5846;soybean
4075;soybean
1999;corn
4037;corn
2208;corn
5350;winter_wheat
3471;cotton
4874;winter_wheat
3013;cotton
3192;cotton
5791;corn
4576;soybean
1098;cotton
914;soybean
4133;corn
6221;corn
2788;soybean
2112;soybean
3717;corn
748;soybean
6834;soybean
5741;corn
4464;corn
4565;cotton
2307;soybean
4992;winter_wheat
5920;soybean
4564;cotton
616;soybean
5249;soybean
1853;corn
1392;cotton
6293;corn
594;corn
2955;cotton
3820;soybean
2493;soybean
3283;cotton
949;winter_wheat
6288;corn
2906;soybean
6802;soybean
6805;soybean
2557;corn
2778;soybean
553;winter_wheat
6469;soybean
6042;soybean
3613;rice
5477;winter_wheat
347;soybean
4713;soybean
5039;winter_wheat
85;soybean
5866;soybean
4883;winter_wheat
1813;corn
6100;corn
3434;cotton
4756;winter_wheat
5591;corn
6600;corn
5551;winter_wheat
4765;winter_wheat
5960;soybean
6922;soybean
3397;cotton
6934;soybean
1572;corn
1462;cotton
6925;soybean
6609;corn
4253;soybean
4548;cotton
6932;soybean
5236;winter_wheat
382;soybean
5928;soybean
3605;rice
1779;corn
4912;winter_wheat
4477;corn
1789;corn
1426;cotton
5460;winter_wheat
3124;cotton
3066;cotton
6058;soybean
1095;cotton
1656;corn
6688;corn
6634;corn
5885;soybean
3887;soybean
2900;corn
1752;corn
6397;soybean
5690;corn
1051;cotton
6367;soybean
3523;cotton
2707;corn
4773;winter_wheat
5113;corn
1786;corn
917;winter_wheat
328;corn
2476;corn
4441;corn
3039;soybean
1234;cotton
725;winter_wheat
2889;corn
465;winter_wheat
6114;corn
471;winter_wheat
2353;soybean
5047;winter_wheat
1907;corn
2105;soybean
5818;soybean
4866;winter_wheat
6499;soybean
5421;winter_wheat
324;corn
5115;corn
3597;rice
3106;cotton
4794;winter_wheat
5101;soybean
5159;soybean
445;winter_wheat
773;winter_wheat
6386;soybean
1138;cotton
1341;cotton
2040;corn
6204;corn
1588;corn
401;soybean
3879;soybean
5860;soybean
3316;cotton
206;soybean
3166;cotton
1358;cotton
2356;corn
6435;soybean
5979;soybean
3051;cotton
2803;corn
2623;soybean
1627;corn
6818;soybean
5378;winter_wheat
6212;corn
6245;corn
205;soybean
5612;corn
3357;winter_wheat
6278;corn
6276;corn
5135;winter_wheat
2699;corn
2124;corn
838;winter_wheat
4837;winter_wheat
5153;corn
4972;winter_wheat
236;soybean
3306;cotton
6055;soybean
412;corn
5496;winter_wheat
1783;corn
5535;winter_wheat
1908;corn
5373;winter_wheat
5302;winter_wheat
1730;corn
5146;soybean
2460;soybean
4428;soybean
5750;corn
6930;soybean
3205;cotton
1696;corn
4313;corn
102;soybean
1297;winter_wheat
4801;winter_wheat
2957;cotton
6348;soybean
1236;winter_wheat
5717;corn
1446;winter_wheat
6234;corn
4105;corn
6829;soybean
1721;corn
2075;corn
6077;corn
4513;corn
6301;soybean
1119;winter_wheat
1849;corn
6350;soybean
4679;soybean
6062;soybean
4540;corn
1708;corn
460;winter_wheat
5732;corn
1053;cotton
4751;winter_wheat
807;winter_wheat
4413;corn
4828;winter_wheat
4122;corn
2127;corn
1118;winter_wheat
928;winter_wheat
1693;corn
3293;winter_wheat
6322;soybean
4113;corn
429;winter_wheat
6090;corn
1294;winter_wheat
2470;corn
5673;corn
4380;corn
1690;corn
3996;soybean
6495;soybean
4228;soybean
679;corn
971;winter_wheat
1355;cotton
5241;corn
6169;corn
1400;winter_wheat
4825;winter_wheat
1383;winter_wheat
4518;corn
1496;cotton
6472;soybean
4852;winter_wheat
2455;soybean
6015;soybean
1826;corn
5082;corn
1758;corn
6687;corn
3251;winter_wheat
6797;soybean
3608;rice
1219;cotton
6202;corn
4121;corn
4175;corn
3364;cotton
6792;soybean
416;soybean
2853;corn
3685;corn
4028;soybean
5682;corn
1893;corn
6155;corn
2365;corn
1973;corn
3875;soybean
6432;soybean
2622;soybean
2092;corn
6422;soybean
3794;soybean
5676;corn
350;soybean
4026;corn
3807;soybean
2686;corn
1616;corn
1548;corn
6546;soybean
6345;soybean
6631;corn
6351;soybean
3718;corn
2205;corn
3272;cotton
4475;corn
3832;soybean
3760;corn
6571;corn
728;winter_wheat
4767;winter_wheat
6953;soybean
593;winter_wheat
5060;winter_wheat
2184;soybean
4473;corn
2202;corn
5958;soybean
4208;corn
502;winter_wheat
6822;soybean
4796;winter_wheat
6623;corn
5552;winter_wheat
4766;winter_wheat
5921;soybean
2018;corn
2341;corn
896;winter_wheat
4490;corn
2243;corn
6530;soybean
388;corn
4051;corn
3528;winter_wheat
281;soybean
4072;corn
5021;winter_wheat
5610;corn
753;winter_wheat
5114;corn
6525;soybean
4392;corn
984;soybean
6814;soybean
2044;corn
2874;soybean
4353;corn
139;soybean
978;corn
1670;corn
6051;soybean
4090;corn
1353;cotton
6359;soybean
5863;soybean
165;corn
3194;cotton
6876;corn
2701;corn
5205;soybean
6758;corn
5293;winter_wheat
5781;corn
3138;cotton
4409;corn
5783;corn
1754;corn
286;corn
4782;winter_wheat
1122;winter_wheat
2449;soybean
3783;soybean
669;winter_wheat
5213;winter_wheat
6490;soybean
2387;corn
3391;cotton
1580;corn
17;rice
2572;soybean
2403;corn
1684;corn
6981;soybean
2473;corn
486;soybean
5464;winter_wheat
6471;soybean
6307;soybean
3313;cotton
912;soybean
3604;rice
1274;cotton
280;soybean
5857;soybean
4138;corn
5861;soybean
5394;winter_wheat
1697;corn
4298;soybean
4261;soybean
5500;winter_wheat
3884;soybean
1270;cotton
2924;cotton
1823;corn
5898;soybean
400;soybean
958;winter_wheat
490;soybean
4797;winter_wheat
5178;corn
4614;soybean
1403;winter_wheat
6144;corn
6463;soybean
6752;corn
4695;soybean
2079;corn
2555;corn
3080;cotton
818;winter_wheat
4910;winter_wheat
123;soybean
6064;corn
1790;corn
2846;corn
751;winter_wheat
4406;corn
5239;corn
4091;corn
3499;cotton
5402;winter_wheat
6494;soybean
1986;corn
5252;soybean
6026;soybean
1523;winter_wheat
3915;soybean
6777;soybean
579;winter_wheat
470;winter_wheat
1780;corn
5010;winter_wheat
241;soybean
3923;soybean
5508;winter_wheat
1444;winter_wheat
29;rice
1374;winter_wheat
3170;cotton
6940;soybean
3135;cotton
5705;corn
4635;soybean
3644;corn
3587;rice
2728;corn
367;corn
2847;corn
3720;corn
6812;soybean
5202;winter_wheat
1060;cotton
5703;corn
4229;soybean
6135;corn
2347;soybean
2411;corn
6458;soybean
6126;corn
392;corn
3578;rice
5416;winter_wheat
2311;soybean
5911;soybean
4117;corn
3666;corn
3835;soybean
4810;winter_wheat
5356;winter_wheat
3819;soybean
1815;corn
2265;corn
4489;corn
4100;corn
2614;soybean
3834;soybean
438;winter_wheat
5108;corn
1856;corn
78;corn
1802;corn
1564;corn
3198;cotton
651;soybean
1286;winter_wheat
5584;corn
2585;soybean
1167;winter_wheat
4251;soybean
2218;corn
6410;soybean
4873;winter_wheat
4258;soybean
6782;soybean
5437;winter_wheat
5534;winter_wheat
2477;corn
503;winter_wheat
4599;soybean
4092;corn
3075;cotton
3960;soybean
848;winter_wheat
4982;winter_wheat
1171;cotton
3818;soybean
2190;soybean
930;winter_wheat
1505;winter_wheat
6365;soybean
3569;rice
1898;corn
3153;cotton
3574;rice
5401;winter_wheat
133;corn
5708;corn
4745;winter_wheat
4834;winter_wheat
4747;winter_wheat
2052;corn
6579;corn
2952;cotton
3304;cotton
3232;cotton
1070;winter_wheat
3343;winter_wheat
5953;soybean
4262;soybean
177;soybean
6302;soybean
5292;winter_wheat
5807;soybean
6903;soybean
2769;corn
796;soybean
5962;soybean
1340;cotton
1488;cotton
2881;soybean
6597;soybean
4453;corn
2792;soybean
145;soybean
4785;winter_wheat
2582;soybean
6985;soybean
6324;soybean
4119;corn
5838;soybean
3182;cotton
890;soybean
1680;corn
361;corn
3328;cotton
4184;corn
1820;corn
1874;corn
1084;winter_wheat
5816;soybean
988;soybean
3527;winter_wheat
6066;corn
2305;corn
4728;soybean
5843;soybean
5173;soybean
3235;cotton
5323;winter_wheat
2723;soybean
5034;winter_wheat
2415;corn
2316;corn
5282;soybean
6084;corn
495;soybean
3236;cotton
3405;cotton
798;soybean
3130;cotton
6430;soybean
321;corn
800;winter_wheat
5515;winter_wheat
1961;corn
31;rice
2610;soybean
6439;soybean
2751;soybean
5511;winter_wheat
2007;corn
3748;corn
1659;corn
6900;soybean
1960;corn
1142;cotton
6732;corn
6468;soybean
182;soybean
3931;soybean
3767;corn
6972;soybean
1204;winter_wheat
3740;corn
5679;corn
3599;rice
4193;corn
101;corn
6363;soybean
4217;soybean
162;corn
4853;winter_wheat
5631;corn
3426;cotton
3730;corn
5776;corn
2549;corn
1558;corn
717;soybean
3022;cotton
1052;cotton
2919;soybean
4458;corn
804;winter_wheat
3927;soybean
6913;soybean
4237;soybean
625;winter_wheat
1899;corn
3682;corn
3515;winter_wheat
94;corn
3511;winter_wheat
4393;corn
5449;corn
6944;soybean
5024;winter_wheat
357;corn
3330;cotton
6970;soybean
5933;soybean
2968;winter_wheat
1215;cotton
3633;corn
5506;winter_wheat
5434;winter_wheat
538;winter_wheat
6686;corn
6158;corn
683;cotton
6556;corn
1685;corn
1337;winter_wheat
1243;winter_wheat
2271;soybean
2656;corn
2533;soybean
2300;corn
6947;soybean
5956;soybean
3311;winter_wheat
1743;corn
3563;rice
6141;corn
5112;corn
947;winter_wheat
534;soybean
667;winter_wheat
1454;winter_wheat
2087;corn
2738;corn
5767;corn
362;corn
64;soybean
4654;soybean
3989;soybean
1573;corn
2110;soybean
1199;winter_wheat
6166;corn
3472;cotton
4058;corn
2453;soybean
3530;cotton
2504;soybean
124;soybean
5480;winter_wheat
6682;corn
5870;soybean
6424;soybean
1093;cotton
5423;winter_wheat
645;cotton
6778;soybean
3904;soybean
1647;corn
1983;corn
5196;winter_wheat
1069;winter_wheat
5041;winter_wheat
2791;soybean
1183;cotton
4211;corn
609;soybean
5882;soybean
2663;corn
5872;soybean
1081;winter_wheat
6192;corn
1577;corn
3171;winter_wheat
2421;corn
6246;corn
3061;cotton
3394;cotton
2719;soybean
4789;winter_wheat
2106;soybean
5199;winter_wheat
3257;cotton
3104;cotton
2108;soybean
5180;winter_wheat
3864;soybean
6528;soybean
1729;corn
2938;cotton
1186;cotton
580;winter_wheat
3070;cotton
4951;winter_wheat
1194;winter_wheat
6446;soybean
5889;soybean
2591;corn
1876;corn
549;winter_wheat
1824;corn
6404;soybean
2133;corn
5788;corn
3115;cotton
1048;cotton
6328;soybean
6362;soybean
6428;soybean
2048;corn
3839;soybean
4626;soybean
4074;corn
2886;corn
6081;corn
584;winter_wheat
1198;winter_wheat
3957;soybean
2519;corn
5852;soybean
5347;winter_wheat
3907;soybean
881;winter_wheat
3676;corn
1717;corn
6666;corn
5190;corn
4231;soybean
6074;corn
6299;soybean
6159;corn
3983;soybean
6337;soybean
1173;cotton
4763;winter_wheat
4454;corn
676;corn
2231;soybean
3224;cotton
2969;soybean
5188;winter_wheat
5918;soybean
2558;corn
1915;corn
680;cotton
2515;corn
2866;soybean
4987;winter_wheat
2117;corn
3175;cotton
742;soybean
1532;corn
6067;corn
4761;winter_wheat
3485;cotton
2495;soybean
951;winter_wheat
2523;corn
3423;cotton
4060;corn
6006;soybean
908;winter_wheat
3706;corn
2197;corn
3284;cotton
2062;soybean
4112;corn
303;soybean
2609;soybean
6188;corn
5454;winter_wheat
1909;corn
1495;cotton
2511;corn
5289;soybean
5780;corn
3842;soybean
128;corn
6795;soybean
5651;corn
2536;soybean
5237;corn
1370;winter_wheat
5165;winter_wheat
257;corn
835;winter_wheat
3392;cotton
4681;soybean
6576;corn
6068;corn
4230;corn
532;soybean
4588;soybean
3490;cotton
342;soybean
5992;soybean
463;winter_wheat
6577;corn
1980;corn
3919;soybean
2008;corn
6340;soybean
5711;corn
2779;soybean
496;soybean
5096;winter_wheat
3872;soybean
4612;soybean
6149;corn
4754;winter_wheat
2291;corn
6106;corn
5164;winter_wheat
2682;corn
5909;soybean
1933;corn
1088;winter_wheat
6325;soybean
203;soybean
4986;winter_wheat
2708;corn
5131;winter_wheat
6871;corn
843;winter_wheat
1316;cotton
3502;cotton
1677;corn
5876;soybean
348;soybean
4585;soybean
2154;soybean
2000;corn
4412;corn
4667;soybean
3786;soybean
5702;corn
5809;soybean
690;winter_wheat
799;soybean
1262;cotton
1929;corn
920;winter_wheat
3389;cotton
6415;soybean
5884;soybean
3453;cotton
4502;corn
6725;corn
1310;cotton
2168;corn
4685;soybean
3773;corn
1413;cotton
867;winter_wheat
6378;soybean
4844;winter_wheat
3647;rice
5995;soybean
4032;corn
4878;winter_wheat
1191;winter_wheat
6211;corn
3889;soybean
5063;winter_wheat
5231;winter_wheat
6349;soybean
2551;corn
1251;winter_wheat
5825;soybean
5100;winter_wheat
2961;cotton
4627;soybean
706;winter_wheat
4659;soybean
4924;winter_wheat
4139;corn
5392;winter_wheat
4450;corn
1264;cotton
585;winter_wheat
5092;corn
6960;soybean
462;winter_wheat
5256;winter_wheat
2405;corn
1465;cotton
6620;corn
3381;cotton
6175;corn
3545;rice
1347;cotton
2465;soybean
5539;winter_wheat
2650;corn
2434;corn
1422;cotton
1115;winter_wheat
1725;corn
1921;corn
5522;winter_wheat
5523;winter_wheat
4099;corn
349;soybean
211;soybean
4501;corn
5537;winter_wheat
5524;winter_wheat
4821;winter_wheat
4605;soybean
1312;cotton
6550;soybean
2724;soybean
2505;soybean
2129;corn
4731;soybean
3454;cotton
2552;corn
5894;soybean
436;winter_wheat
3121;cotton
5286;winter_wheat
2720;soybean
311;soybean
202;soybean
5649;corn
175;soybean
6975;soybean
5865;soybean
1792;corn
6851;soybean
1727;corn
649;soybean
255;corn
6754;corn
1737;corn
90;soybean
688;soybean
3744;corn
1764;corn
81;corn
6197;corn
3058;cotton
5554;corn
617;soybean
1391;cotton
1931;corn
6654;corn
1797;corn
4857;winter_wheat
943;soybean
2915;soybean
1129;winter_wheat
3341;cotton
5011;winter_wheat
2589;soybean
185;soybean
2252;corn
1103;cotton
1125;winter_wheat
240;soybean
2639;soybean
372;soybean
1361;winter_wheat
558;corn
1226;cotton
1785;corn
1901;corn
3089;cotton
2273;corn
2793;soybean
2991;soybean
5999;soybean
5219;winter_wheat
6708;corn
2755;soybean
3746;corn
3804;soybean
5383;winter_wheat
3754;corn
6619;corn
2219;corn
383;soybean
3854;soybean
5713;corn
5360;winter_wheat
5044;winter_wheat
4981;winter_wheat
3118;cotton
6241;corn
4700;soybean
3659;corn
543;winter_wheat
6052;soybean
3157;cotton
3300;cotton
6123;corn
2255;corn
6039;soybean
1675;corn
5448;winter_wheat
151;soybean
6381;soybean
977;corn
2694;corn
28;rice
2293;corn
1349;cotton
3873;soybean
5045;winter_wheat
6779;soybean
501;winter_wheat
2400;corn
1382;winter_wheat
6185;corn
5361;corn
3897;soybean
3933;soybean
2758;corn
1348;cotton
2466;corn
3966;soybean
171;soybean
1261;cotton
5317;winter_wheat
1542;corn
4954;winter_wheat
5803;corn
3422;cotton
764;winter_wheat
106;soybean
5688;corn
1062;cotton
826;soybean
5446;winter_wheat
5835;soybean
4128;corn
4367;corn
4945;winter_wheat
1541;corn
6748;corn
4798;winter_wheat
4124;soybean
5513;winter_wheat
5851;soybean
3977;soybean
1148;cotton
285;soybean
2668;corn
2546;soybean
4422;corn
5388;corn
4093;corn
4753;winter_wheat
1967;corn
4744;winter_wheat
245;soybean
2868;soybean
6823;soybean
6147;corn
6612;corn
5970;soybean
2422;corn
1245;winter_wheat
5633;corn
4289;soybean
2232;soybean
808;winter_wheat
5363;winter_wheat
262;corn
35;rice
6170;corn
3699;corn
2801;corn
6016;soybean
5575;corn
1302;cotton
2796;soybean
6109;corn
2643;corn
1519;winter_wheat
5950;soybean
671;winter_wheat
3214;cotton
6279;corn
2811;corn
2871;soybean
3401;winter_wheat
3758;corn
1945;corn
5309;soybean
4497;corn
5167;corn
2089;corn
6018;soybean
2833;soybean
1766;corn
487;soybean
4569;soybean
6320;soybean
3537;cotton
3912;soybean
4819;winter_wheat
1668;corn
6027;soybean
3395;cotton
1102;cotton
375;soybean
5099;winter_wheat
3019;soybean
6532;soybean
6769;soybean
980;corn
3105;cotton
1068;winter_wheat
2799;soybean
763;winter_wheat
409;corn
115;soybean
4818;winter_wheat
3195;cotton
37;cotton
6865;soybean
6098;corn
2036;corn
129;corn
1135;cotton
1457;winter_wheat
1643;corn
5744;corn
2599;corn
1521;winter_wheat
5221;corn
1158;winter_wheat
5091;corn
5170;winter_wheat
2876;soybean
1375;winter_wheat
1278;winter_wheat
4929;winter_wheat
5694;corn
1169;cotton
5374;corn
535;soybean
2207;corn
3638;corn
931;winter_wheat
3081;cotton
4264;soybean
5300;winter_wheat
3167;cotton
1607;corn
1516;winter_wheat
5218;corn
1959;corn
5734;corn
1919;corn
50;cotton
5568;corn
1989;corn
5247;soybean
6726;corn
1298;winter_wheat
2483;soybean
3045;cotton
6025;soybean
3723;corn
5155;soybean
4084;corn
3612;rice
3231;cotton
4284;soybean
4996;winter_wheat
3850;soybean
2026;corn
5753;corn
6916;corn
5571;corn
2884;corn
4655;soybean
6187;corn
4109;corn
1047;cotton
6040;soybean
1350;cotton
3542;rice
524;cotton
2780;soybean
5451;winter_wheat
2213;corn
6617;corn
1859;corn
5203;soybean
2357;corn
5912;soybean
4307;corn
3475;cotton
2956;cotton
2631;soybean
1214;winter_wheat
1478;winter_wheat
6800;soybean
1133;cotton
6094;corn
5704;corn
1296;winter_wheat
2041;corn
5143;soybean
955;winter_wheat
1868;corn
6036;soybean
646;cotton
4266;corn
3713;corn
4200;corn
5567;corn
1108;cotton
6692;soybean
1432;cotton
2206;corn
6217;corn
6164;corn
5358;winter_wheat
5018;winter_wheat
4019;soybean
3266;cotton
987;soybean
4531;corn
402;soybean
4937;winter_wheat
1323;winter_wheat
2689;corn
903;winter_wheat
5488;winter_wheat
4354;corn
1486;cotton
3083;cotton
3168;cotton
5714;corn
3743;corn
3571;rice
6215;corn
5972;soybean
5532;winter_wheat
3727;corn
6110;corn
5187;corn
628;winter_wheat
3062;cotton
125;soybean
5149;soybean
5785;corn
6420;soybean
3102;cotton
4867;winter_wheat
5151;winter_wheat
6832;corn
5301;winter_wheat
3646;corn
2804;corn
1307;cotton
5855;soybean
6172;corn
4510;corn
1511;winter_wheat
1267;cotton
4157;corn
712;soybean
4252;soybean
2173;corn
4426;corn
6225;corn
1981;corn
4816;winter_wheat
2165;corn
4701;soybean
2506;corn
3301;cotton
3309;cotton
1618;corn
4386;corn
3926;soybean
2850;corn
2842;corn
2068;soybean
519;corn
6426;soybean
2904;soybean
1663;corn
6885;soybean
1842;corn
2074;soybean
390;corn
3934;soybean
4665;soybean
4859;winter_wheat
122;soybean
4120;corn
6507;soybean
4855;winter_wheat
1440;winter_wheat
3993;corn
4191;corn
2615;soybean
4247;soybean
3788;soybean
6227;corn
3281;cotton
837;winter_wheat
144;soybean
3269;cotton
5873;soybean
33;rice
4213;soybean
4999;winter_wheat
874;winter_wheat
425;winter_wheat
244;soybean
1554;corn
4421;corn
1595;corn
5869;soybean
5463;winter_wheat
5938;soybean
642;cotton
4061;corn
4642;soybean
3208;cotton
65;soybean
755;winter_wheat
1534;corn
5858;soybean
2895;corn
4793;winter_wheat
135;corn
3000;cotton
659;winter_wheat
5941;soybean
6803;soybean
2704;corn
6240;corn
1276;winter_wheat
4181;corn
6878;soybean
5299;winter_wheat
1673;corn
6347;soybean
6296;corn
2431;corn
6592;corn
4509;corn
4752;winter_wheat
4292;soybean
541;winter_wheat
809;winter_wheat
5450;winter_wheat
3851;soybean
3271;cotton
1760;corn
4146;corn
2772;corn
6387;soybean
1913;corn
3991;soybean
894;winter_wheat
4080;corn
6146;corn
1830;corn
5215;corn
533;soybean
2527;soybean
3065;cotton
856;corn
1772;corn
6757;corn
4485;corn
1958;corn
6093;corn
156;soybean
2611;soybean
4496;corn
3131;cotton
1635;corn
1581;corn
4814;winter_wheat
2485;soybean
5892;soybean
3097;cotton
6012;soybean
3635;corn
6294;corn
1622;corn
2602;corn
1205;winter_wheat
2020;corn
5683;corn
3650;rice
5279;winter_wheat
523;cotton
4257;soybean
5505;winter_wheat
1938;corn
6228;corn
2632;soybean
1114;winter_wheat
2369;corn
5943;soybean
2702;corn
2227;soybean
5945;soybean
3911;soybean
6020;soybean
4358;corn
2423;corn
6502;soybean
619;winter_wheat
4147;corn
1628;corn
5929;soybean
2157;corn
6907;soybean
3979;soybean
3853;soybean
1712;corn
1759;corn
6587;corn
6284;corn
4303;soybean
174;soybean
6079;corn
480;cotton
959;winter_wheat
5915;soybean
1363;winter_wheat
1567;corn
4460;corn
2042;corn
5538;winter_wheat
705;winter_wheat
5030;winter_wheat
1157;winter_wheat
2444;soybean
942;soybean
5503;winter_wheat
6277;corn
1380;winter_wheat
1897;corn
2176;corn
4860;winter_wheat
3749;corn
6896;soybean
246;soybean
2389;soybean
1023;soybean
1669;corn
1801;corn
5269;winter_wheat
1694;corn
4168;corn
297;corn
395;soybean
3686;corn
3504;cotton
3460;cotton
5548;winter_wheat
5267;winter_wheat
4727;soybean
6449;soybean
2890;corn
1878;corn
4806;winter_wheat
299;soybean
140;soybean
677;corn
1939;corn
1458;cotton
2183;soybean
173;soybean
6384;soybean
3909;soybean
6689;soybean
6037;soybean
1735;corn
6374;soybean
4451;corn
2896;corn
6290;corn
6685;corn
2436;corn
1682;corn
2352;soybean
4176;corn
5787;corn
5879;soybean
5765;corn
1545;corn
2080;corn
3769;corn
6436;soybean
5195;winter_wheat
2960;cotton
3648;rice
5156;soybean
4674;soybean
2223;corn
2136;soybean
6700;corn
3044;cotton
559;corn
2818;corn
4575;soybean
2740;soybean
3021;soybean
1664;corn
3249;cotton
5054;winter_wheat
3428;cotton
5456;winter_wheat
1698;corn
1500;cotton
1527;corn
592;winter_wheat
2395;soybean
2745;soybean
5303;winter_wheat
1799;corn
1880;corn
1295;winter_wheat
1325;winter_wheat
790;corn
4350;corn
2095;soybean
598;corn
4059;corn
5335;soybean
1239;winter_wheat
512;winter_wheat
1456;winter_wheat
5141;soybean
5528;winter_wheat
1608;corn
1509;winter_wheat
3091;cotton
315;soybean
476;corn
4661;soybean
5752;corn
3282;winter_wheat
606;soybean
4245;soybean
4225;soybean
3626;corn
2158;corn
4430;corn
2983;soybean
1089;winter_wheat
2710;corn
1941;corn
1019;soybean
4179;corn
5244;corn
5371;soybean
1414;cotton
5161;soybean
2709;corn
6124;corn
5922;soybean
2442;corn
1311;cotton
6521;soybean
208;soybean
1202;winter_wheat
4651;soybean
1757;corn
3871;soybean
2355;corn
6478;soybean
1056;cotton
1972;corn
290;corn
1569;corn
1778;corn
5881;soybean
307;soybean
604;cotton
5589;corn
2568;soybean
2017;corn
2012;corn
5919;soybean
1190;winter_wheat
3060;cotton
6664;corn
2360;corn
6306;soybean
5512;winter_wheat
1795;corn
4995;winter_wheat
5549;winter_wheat
4486;corn
4672;soybean
2570;soybean
686;soybean
2396;corn
4566;cotton
6533;soybean
3455;winter_wheat
2747;soybean
4704;soybean
3209;cotton
5638;corn
857;soybean
4547;cotton
2260;corn
6174;corn
4381;corn
3845;soybean
3941;soybean
2700;corn
4044;soybean
2638;soybean
622;winter_wheat
4625;soybean
454;winter_wheat
1854;corn
1419;cotton
3921;soybean
5432;soybean
3469;cotton
4003;corn
4495;corn
2200;corn
4086;corn
4014;soybean
744;soybean
4804;winter_wheat
2025;corn
6658;corn
6764;soybean
364;corn
4666;soybean
5501;winter_wheat
3550;rice
5804;corn
113;soybean
5908;soybean
4383;corn
1620;corn
6565;corn
539;winter_wheat
2111;soybean
3667;corn
5380;winter_wheat
3230;cotton
4884;winter_wheat
557;corn
2263;corn
6503;soybean
3032;cotton
4692;soybean
1513;winter_wheat
3784;soybean
6005;soybean
5775;corn
3254;cotton
2181;soybean
6526;soybean
2936;cotton
4097;corn
2193;soybean
1479;winter_wheat
1732;corn
2393;soybean
3847;soybean
6224;corn
353;corn
3653;rice
3808;soybean
5359;winter_wheat
648;soybean
5084;winter_wheat
1085;winter_wheat
1230;cotton
2419;corn
1083;winter_wheat
6548;soybean
1864;corn
5478;winter_wheat
3340;cotton
5868;soybean
6740;corn
1035;winter_wheat
1180;cotton
2967;cotton
6535;soybean
6434;soybean
4290;corn
5058;winter_wheat
6332;soybean
5586;corn
1079;winter_wheat
5065;winter_wheat
5232;soybean
4466;corn
70;soybean
1010;winter_wheat
2672;corn
1240;winter_wheat
4355;corn
5224;corn
844;winter_wheat
5370;winter_wheat
10;rice
6603;corn
2966;cotton
3202;cotton
2525;soybean
5822;soybean
2167;corn
4820;winter_wheat
6963;soybean
6770;soybean
6652;corn
3296;cotton
1223;cotton
2217;corn
1825;corn
3458;cotton
3388;cotton
2138;soybean
6749;soybean
805;winter_wheat
4103;corn
2603;corn
5440;winter_wheat
814;winter_wheat
5194;soybean
6505;soybean
6605;corn
4656;soybean
5166;soybean
1631;corn
6729;corn
6661;corn
5214;corn
4268;corn
5090;corn
6858;soybean
6898;corn
323;corn
5814;soybean
698;winter_wheat
3063;cotton
6815;soybean
6568;soybean
5116;soybean
126;corn
970;winter_wheat
3408;cotton
4897;winter_wheat
5644;corn
4849;winter_wheat
5017;winter_wheat
4171;corn
1006;winter_wheat
5579;corn
1156;winter_wheat
4436;corn
5315;winter_wheat
991;soybean
4349;corn
4720;soybean
518;corn
3671;corn
4288;soybean
268;soybean
5899;soybean
4136;corn
4311;corn
1490;cotton
6736;corn
191;corn
1021;soybean
4385;corn
6400;soybean
1024;winter_wheat
6949;soybean
892;soybean
904;winter_wheat
6674;corn
6520;soybean
6209;corn
5200;winter_wheat
775;winter_wheat
1920;corn
815;winter_wheat
514;winter_wheat
3212;cotton
1979;corn
4847;winter_wheat
1809;corn
4357;corn
5330;soybean
5168;winter_wheat
6419;soybean
5248;soybean
1197;winter_wheat
447;soybean
1330;winter_wheat
3025;corn
5220;winter_wheat
5006;winter_wheat
3092;cotton
5652;corn
836;winter_wheat
6702;corn
3308;cotton
1000;winter_wheat
1840;corn
6366;soybean
2607;soybean
3886;soybean
4471;corn
1418;cotton
1848;corn
432;winter_wheat
2832;soybean
2215;corn
3524;cotton
6383;soybean
399;soybean
1956;corn
6759;corn
3444;cotton
66;soybean
6946;soybean
1889;corn
2043;corn
3660;corn
5038;winter_wheat
5443;corn
2412;corn
6242;corn
999;winter_wheat
2101;soybean
4161;corn
5461;winter_wheat
1650;corn
109;soybean
4812;winter_wheat
3329;cotton
1912;corn
1367;winter_wheat
5305;winter_wheat
2727;corn
2917;soybean
3494;cotton
426;winter_wheat
1817;corn
668;winter_wheat
3152;cotton
2629;soybean
1518;winter_wheat
3903;soybean
4914;winter_wheat
2130;corn
2831;soybean
1300;winter_wheat
4038;corn
4593;soybean
847;winter_wheat
1843;corn
2248;corn
3116;cotton
6107;corn
6862;soybean
2880;soybean
4077;corn
3885;soybean
5126;winter_wheat
6844;soybean
526;soybean
1067;winter_wheat
5056;winter_wheat
5989;soybean
2280;corn
1561;corn
1911;corn
3495;cotton
4893;winter_wheat
77;corn
6979;corn
4326;corn
2456;soybean
2308;soybean
5475;winter_wheat
4578;soybean
6826;soybean
1894;corn
4686;soybean
6514;soybean
1320;winter_wheat
365;corn
3274;cotton
6453;soybean
6291;corn
5588;corn
4739;winter_wheat
3838;soybean
5823;soybean
4913;winter_wheat
4786;winter_wheat
3324;cotton
3074;cotton
100;corn
3354;cotton
334;soybean
1965;corn
5910;soybean
6771;soybean
6890;soybean
6407;soybean
2789;soybean
2559;corn
3200;cotton
1632;corn
6761;corn
5577;corn
3691;corn
2985;soybean
3658;corn
5773;corn
3970;soybean
6926;soybean
1015;soybean
4545;corn
1441;winter_wheat
5070;winter_wheat
5336;winter_wheat
417;soybean
4360;corn
167;corn
762;winter_wheat
3768;corn
2314;corn
2037;corn
6298;corn
893;winter_wheat
439;winter_wheat
2033;corn
2958;cotton
1988;corn
325;corn
1520;winter_wheat
5128;corn
6127;corn
2113;soybean
4636;soybean
899;winter_wheat
2717;soybean
6541;soybean
3466;cotton
2586;soybean
5759;corn
2337;corn
2840;soybean
5613;corn
5604;corn
3565;rice
760;winter_wheat
3409;cotton
4846;winter_wheat
2082;corn
1739;corn
5285;winter_wheat
1761;corn
2086;corn
108;soybean
6956;soybean
6226;corn
5162;soybean
2214;corn
2628;soybean
3379;cotton
3998;soybean
4015;soybean
1448;winter_wheat
6178;corn
6142;corn
1326;winter_wheat
6207;corn
5083;winter_wheat
5003;winter_wheat
1195;winter_wheat
1966;corn
4001;soybean
3030;soybean
1982;corn
1538;corn
6967;soybean
5680;corn
2542;soybean
3830;soybean
6183;corn
5259;corn
2170;corn
2986;soybean
6601;corn
4760;winter_wheat
252;soybean
4363;corn
996;winter_wheat
2270;soybean
1281;winter_wheat
4504;corn
1706;corn
4189;corn
6760;corn
4522;corn
1768;corn
2667;corn
3510;cotton
6656;corn
2319;corn
5400;winter_wheat
6659;corn
6589;corn
221;corn
2989;soybean
1610;corn
1059;cotton
1470;winter_wheat
792;corn
1501;cotton
4758;winter_wheat
3109;cotton
6009;soybean
2435;corn
6171;corn
2244;corn
474;corn
2669;corn
1162;winter_wheat
6968;soybean
737;cotton
3513;winter_wheat
2644;corn
4301;corn
4777;winter_wheat
2049;corn
2685;corn
2276;corn
2774;corn
2786;soybean
483;cotton
4348;corn
6820;soybean
2528;soybean
2474;corn
3895;soybean
3624;corn
6456;soybean
4503;corn
5969;soybean
2869;soybean
5837;soybean
3473;winter_wheat
3976;soybean
4648;soybean
6713;corn
3829;soybean
4153;corn
3581;rice
3416;cotton
2085;corn
6566;corn
6295;corn
4468;corn
6335;soybean
6470;soybean
3056;cotton
6259;corn
3314;cotton
4114;corn
6481;soybean
813;winter_wheat
3958;soybean
4917;winter_wheat
2838;soybean
907;winter_wheat
2254;corn
6268;corn
2503;soybean
817;winter_wheat
4062;corn
6395;soybean
187;soybean
1387;cotton
1339;cotton
4663;soybean
722;winter_wheat
3540;rice
4552;cotton
5810;soybean
4542;corn
440;winter_wheat
1099;cotton
2287;corn
6231;corn
4273;corn
3954;soybean
2409;corn
3595;rice
2992;soybean
6873;soybean
2166;corn
1410;winter_wheat
859;soybean
1430;cotton
1174;cotton
6728;corn
1066;winter_wheat
5657;corn
6021;soybean
6238;corn
270;soybean
1450;winter_wheat
1838;corn
6445;soybean
571;soybean
5408;winter_wheat
3177;cotton
632;winter_wheat
2744;soybean
71;soybean
3476;winter_wheat
4736;winter_wheat
5520;winter_wheat
4776;winter_wheat
793;soybean
3489;cotton
5878;soybean
2370;corn
2526;soybean
6670;corn
4590;soybean
965;winter_wheat
4305;corn
5059;winter_wheat
331;soybean
6710;corn
4306;corn
4574;soybean
4479;corn
3037;cotton
3079;cotton
2056;soybean
542;winter_wheat
6971;soybean
6056;soybean
2863;soybean
6673;corn
564;cotton
5716;corn
2856;corn
4378;corn
3893;soybean
6564;corn
2211;corn
491;soybean
4214;soybean
3868;soybean
876;winter_wheat
832;winter_wheat
2361;corn
4023;soybean
3894;soybean
6304;soybean
4764;winter_wheat
42;cotton
5800;corn
6196;corn
4082;corn
5790;corn
2596;corn
6798;soybean
3680;corn
5832;soybean
3377;cotton
1439;winter_wheat
5429;winter_wheat
291;corn
6111;corn
5486;winter_wheat
2338;corn
3861;soybean
38;cotton
2574;soybean
5001;winter_wheat
787;corn
1263;cotton
373;soybean
5272;corn
738;cotton
1808;corn
4555;cotton
2141;soybean
4610;soybean
3695;corn
6391;soybean
4705;soybean
1553;corn
5079;corn
5917;soybean
209;soybean
2618;soybean
5617;corn
1702;corn
3910;soybean
287;corn
1829;corn
3602;rice
1405;winter_wheat
4144;corn
4066;corn
6540;soybean
4129;corn
3615;rice
3714;corn
3988;soybean
2595;corn
1550;corn
4600;soybean
2135;corn
2653;corn
4997;winter_wheat
6893;soybean
2399;corn
5667;corn
176;soybean
4647;soybean
152;soybean
1288;winter_wheat
4620;soybean
3015;cotton
1369;winter_wheat
1590;corn
4209;corn
567;soybean
803;winter_wheat
4126;corn
5327;winter_wheat
1875;corn
2583;soybean
2371;corn
5738;corn
3721;corn
4582;soybean
4042;soybean
2807;corn
581;winter_wheat
6338;soybean
5275;soybean
3843;soybean
6519;soybean
2608;soybean
5211;soybean
405;soybean
5926;soybean
3059;cotton
2691;corn
3704;corn
110;soybean
6711;corn
1018;soybean
6730;corn
5983;soybean
2094;corn
2443;corn
4053;corn
4263;soybean
2310;soybean
6108;corn
2750;soybean
607;soybean
3779;corn
3702;corn
4478;corn
368;soybean
596;corn
44;cotton
1798;corn
741;soybean
3441;cotton
5563;corn
1594;corn
2584;soybean
1819;corn
4300;soybean
4118;corn
1246;winter_wheat
3310;cotton
3652;rice
1238;winter_wheat
637;corn
546;winter_wheat
6364;soybean
478;corn
51;cotton
1253;winter_wheat
5172;soybean
3280;cotton
6563;corn
1794;corn
6250;corn
1461;cotton
5566;corn
2346;corn
4721;soybean
6498;soybean
4963;winter_wheat
3307;cotton
6957;soybean
427;winter_wheat
2637;soybean
723;winter_wheat
6976;soybean
5749;corn
3630;corn
5821;soybean
4164;corn
521;corn
2458;soybean
2822;soybean
2666;corn
5630;corn
758;winter_wheat
5768;corn
2759;corn
4632;soybean
4006;soybean
2097;soybean
2693;corn
1009;winter_wheat
1247;winter_wheat
4254;soybean
2349;soybean
2834;soybean
1476;winter_wheat
2620;soybean
3123;cotton
2289;corn
5585;corn
3771;corn
1512;winter_wheat
871;winter_wheat
4448;corn
3584;rice
623;winter_wheat
6899;soybean
5954;soybean
2318;corn
2658;corn
2715;soybean
4067;corn
3762;corn
2013;corn
2849;corn
4319;corn
4633;soybean
6952;soybean
1151;winter_wheat
6001;soybean
4255;soybean
4780;winter_wheat
4935;winter_wheat
6669;corn
305;soybean
652;soybean
2481;corn
6181;corn
6901;soybean
4750;winter_wheat
2790;soybean
3752;corn
493;soybean
2459;soybean
4570;soybean
5615;corn
1658;corn
4216;soybean
5778;corn
1536;corn
6140;corn
4382;corn
2494;soybean
3165;winter_wheat
2987;cotton
4869;winter_wheat
3579;rice
4640;soybean
105;soybean
3679;corn
3901;soybean
6638;corn
1762;corn
6104;corn
1683;corn
266;corn
4293;soybean
2278;corn
2066;soybean
5268;soybean
3711;corn
1598;corn
5405;winter_wheat
3186;winter_wheat
2225;corn
2977;cotton
2905;soybean
4336;corn
3817;soybean
3600;rice
6704;soybean
4594;soybean
231;corn
554;winter_wheat
6121;corn
5629;corn
665;winter_wheat
3265;cotton
3355;cotton
34;rice
6701;corn
2259;corn
1689;corn
1624;corn
4845;winter_wheat
1436;winter_wheat
386;soybean
5193;soybean
2795;soybean
2594;corn
1551;corn
3196;cotton
6486;soybean
2566;soybean
6819;soybean
54;cotton
2810;corn
3371;cotton
1096;cotton
376;soybean
3532;winter_wheat
919;winter_wheat
3639;corn
4567;soybean
2342;corn
6003;soybean
6905;soybean
6756;corn
1888;corn
6801;soybean
111;soybean
3883;soybean
4941;winter_wheat
1359;cotton
4002;soybean
284;soybean
1745;corn
1373;winter_wheat
4025;corn
749;winter_wheat
4177;corn
2053;corn
2980;soybean
88;soybean
6368;soybean
3234;cotton
4287;corn
726;winter_wheat
6864;soybean
6082;corn
4073;corn
3692;corn
730;winter_wheat
4240;soybean
1008;winter_wheat
4417;corn
6382;soybean
5455;winter_wheat
1879;corn
2641;corn
3302;cotton
3141;cotton
986;soybean
1642;corn
3677;corn
4967;winter_wheat
3419;winter_wheat
4784;winter_wheat
3006;cotton
5;rice
5757;corn
3905;soybean
2433;corn
220;soybean
5675;corn
5666;corn
5550;winter_wheat
1609;corn
508;winter_wheat
6625;corn
1303;cotton
5130;soybean
3463;cotton
4964;winter_wheat
6447;soybean
4861;winter_wheat
3398;cotton
563;cotton
5707;corn
6305;soybean
5055;winter_wheat
80;corn
3908;soybean
2502;soybean
5827;soybean
4881;winter_wheat
2010;corn
1164;winter_wheat
5531;winter_wheat
3487;winter_wheat
237;soybean
2541;soybean
408;corn
2544;soybean
6023;soybean
1293;winter_wheat
4936;winter_wheat
3261;cotton
4185;corn
5997;soybean
4931;winter_wheat
3803;soybean
1968;corn
2676;soybean
3305;cotton
3567;rice
5415;winter_wheat
3601;rice
3777;corn
2619;soybean
3657;corn
2364;corn
3622;corn
658;soybean
2823;soybean
902;winter_wheat
3800;soybean
1203;winter_wheat
5740;corn
733;winter_wheat
3724;corn
5653;corn
6080;corn
4131;corn
6551;soybean
4389;corn
2233;soybean
5839;soybean
1711;corn
4137;corn
3956;corn
6572;corn
1596;corn
322;corn
4197;corn
3573;rice
883;corn
4689;soybean
4716;soybean
5719;corn
2501;soybean
62;corn
5695;corn
112;soybean
2077;corn
1855;corn
5339;winter_wheat
5897;soybean
5406;winter_wheat
5148;soybean
1562;corn
5121;soybean
5964;soybean
5123;soybean
6861;soybean
3802;soybean
481;cotton
3370;cotton
1831;corn
302;soybean
159;corn
3411;cotton
3112;cotton
5157;soybean
1508;winter_wheat
168;soybean
4505;corn
2295;corn
5062;winter_wheat
2959;cotton
6379;soybean
560;corn
5845;soybean
316;soybean
6562;corn
3042;soybean
3554;rice
1900;corn
3210;cotton
6698;corn
1082;winter_wheat
2735;corn
5616;corn
4839;winter_wheat
5382;winter_wheat
3221;cotton
3585;rice
2605;corn
3125;cotton
3336;winter_wheat
3333;cotton
5431;winter_wheat
6983;soybean
795;soybean
4055;corn
6937;soybean
2660;corn
1152;winter_wheat
5483;winter_wheat
6229;corn
5087;winter_wheat
4550;cotton
1189;cotton
1308;cotton
3225;cotton
6671;corn
2548;corn
1751;corn
6783;soybean
5720;corn
954;winter_wheat
3048;soybean
4809;winter_wheat
840;winter_wheat
5436;winter_wheat
1601;corn
3781;soybean
4694;soybean
5072;winter_wheat
1837;corn
1652;corn
1313;cotton
5246;soybean
2320;corn
3552;rice
5951;soybean
1530;corn
4887;winter_wheat
2671;corn
3642;corn
1836;corn
4557;cotton
2478;corn
2721;soybean
4815;winter_wheat
6303;soybean
4538;corn
312;soybean
4474;corn
4455;corn
6644;corn
4546;cotton
4012;soybean
1287;winter_wheat
964;winter_wheat
1182;cotton
5216;soybean
6425;soybean
3220;cotton
4143;corn
4057;corn
6786;soybean
2061;soybean
2299;corn
3738;corn
4243;soybean
1612;corn
3385;cotton
6776;soybean
2303;corn
913;soybean
5258;corn
1741;corn
4295;corn
556;corn
4282;corn
2417;corn
5312;winter_wheat
3429;cotton
4932;winter_wheat
5799;corn
875;winter_wheat
6451;soybean
1321;winter_wheat
6910;soybean
3534;winter_wheat
1390;cotton
3533;cotton
6516;soybean
3541;rice
2859;corn
6906;soybean
419;soybean
2116;soybean
3384;cotton
6459;soybean
354;corn
1379;winter_wheat
2814;corn
4470;corn
3654;rice
2238;corn
166;corn
819;winter_wheat
3672;corn
473;winter_wheat
937;corn
842;winter_wheat
6274;corn
5325;winter_wheat
3643;corn
5342;winter_wheat
5453;winter_wheat
5656;corn
6496;soybean
4988;winter_wheat
3757;corn
1163;winter_wheat
693;winter_wheat
2430;corn
393;corn
6974;soybean
2451;soybean
3339;winter_wheat
1556;corn
5674;corn
6044;soybean
4125;corn
5955;soybean
6837;soybean
5048;winter_wheat
5138;corn
5684;corn
5789;corn
3047;soybean
1756;corn
561;cotton
2730;corn
